{
  "model_name": "BiLSTM",
  "feature_type": "tfidf",
  "n_categories": 10,
  "top1_accuracy": 0.8266666666666667,
  "top3_accuracy": 0.95,
  "top5_accuracy": 0.99,
  "accuracy": 0.8266666666666667,
  "macro_precision": 0.8316381947515847,
  "macro_recall": 0.8266666666666668,
  "macro_f1": 0.8221139332484576,
  "micro_precision": 0.8266666666666667,
  "micro_recall": 0.8266666666666667,
  "micro_f1": 0.8266666666666667,
  "confusion_matrix_plot": "C:\\Users\\91956\\Desktop\\UPWORK-PROJECT\\MAS-Web-Service-Classification\\Phase-01\\web_services_classification\\results\\dl\\top_10_categories\\BiLSTM_tfidf_top_10_categories_confusion_matrix.png",
  "classification_report_path": "C:\\Users\\91956\\Desktop\\UPWORK-PROJECT\\MAS-Web-Service-Classification\\Phase-01\\web_services_classification\\results\\dl\\top_10_categories\\BiLSTM_tfidf_top_10_categories_classification_report.csv",
  "inference_time": 0.2427661418914795,
  "training_time": 88.1919002532959,
  "training_history": {
    "loss": [
      1.9880541563034058,
      0.5642430782318115,
      0.09367388486862183,
      0.025604132562875748,
      0.018429726362228394,
      0.01228652335703373,
      0.005167716182768345,
      0.002583376131951809,
      0.0018625010270625353,
      0.002201410010457039,
      0.004458270501345396,
      0.006407774984836578,
      0.001386210205964744,
      0.0008667849469929934,
      0.000884553010109812,
      0.0009439702844247222,
      0.0014190906658768654
    ],
    "accuracy": [
      0.3466833531856537,
      0.8327075242996216,
      0.9766374826431274,
      0.9970796704292297,
      0.9954109191894531,
      0.9979140758514404,
      0.999582827091217,
      1.0,
      1.0,
      0.999582827091217,
      0.9991655945777893,
      0.9991655945777893,
      0.999582827091217,
      1.0,
      1.0,
      1.0,
      1.0
    ],
    "val_loss": [
      1.030009150505066,
      0.6080734729766846,
      0.6381962299346924,
      0.6765304803848267,
      0.6975261569023132,
      0.6666343808174133,
      0.7032971978187561,
      0.7062341570854187,
      0.7257016897201538,
      0.7482128143310547,
      0.760439932346344,
      0.7400274872779846,
      0.7422478795051575,
      0.7456546425819397,
      0.7536969184875488,
      0.7638576030731201,
      0.7594058513641357
    ],
    "val_accuracy": [
      0.7200000286102295,
      0.8199999928474426,
      0.8333333134651184,
      0.8266666531562805,
      0.8333333134651184,
      0.8399999737739563,
      0.8500000238418579,
      0.8433333039283752,
      0.8366666436195374,
      0.8399999737739563,
      0.8299999833106995,
      0.8333333134651184,
      0.8500000238418579,
      0.8366666436195374,
      0.8500000238418579,
      0.8399999737739563,
      0.8500000238418579
    ]
  },
  "training_history_plot": "C:\\Users\\91956\\Desktop\\UPWORK-PROJECT\\MAS-Web-Service-Classification\\Phase-01\\web_services_classification\\results\\dl\\top_10_categories\\BiLSTM_tfidf_top_10_categories_history.png",
  "training_history_json": "C:\\Users\\91956\\Desktop\\UPWORK-PROJECT\\MAS-Web-Service-Classification\\Phase-01\\web_services_classification\\results\\dl\\top_10_categories\\BiLSTM_tfidf_top_10_categories_history.json"
}