{
  "loss": [
    3.0353808403015137,
    1.9461822509765625,
    1.5892361402511597,
    1.413532018661499,
    1.2822802066802979,
    1.2113406658172607,
    1.1335783004760742,
    1.0592867136001587,
    0.9989060163497925,
    0.9445903897285461,
    0.904540479183197,
    0.8556967377662659,
    0.8132123351097107,
    0.7755796313285828,
    0.7312652468681335,
    0.681406557559967,
    0.6064334511756897,
    0.5853442549705505,
    0.5662217140197754,
    0.5397354960441589,
    0.5415340065956116,
    0.50876384973526,
    0.49199509620666504,
    0.4728129506111145,
    0.4649580121040344,
    0.45931142568588257,
    0.43893322348594666,
    0.4371849298477173,
    0.43667659163475037,
    0.41755038499832153,
    0.4244784712791443
  ],
  "accuracy": [
    0.19631610810756683,
    0.46191325783729553,
    0.5626856684684753,
    0.6095068454742432,
    0.6452763080596924,
    0.6613190770149231,
    0.6853238344192505,
    0.7058823704719543,
    0.7191919088363647,
    0.7323826551437378,
    0.7473559379577637,
    0.7585264444351196,
    0.7700534462928772,
    0.7780154347419739,
    0.7871657609939575,
    0.8007130026817322,
    0.8226975798606873,
    0.8242424130439758,
    0.8342245817184448,
    0.8389779925346375,
    0.8390968441963196,
    0.8471776843070984,
    0.8553773164749146,
    0.8579916954040527,
    0.8591800332069397,
    0.865597128868103,
    0.8667855262756348,
    0.8724896311759949,
    0.8735591173171997,
    0.8772430419921875,
    0.8784313797950745
  ],
  "val_loss": [
    1.8863056898117065,
    1.3966715335845947,
    1.2376207113265991,
    1.157548427581787,
    1.1348158121109009,
    1.114352822303772,
    1.086580753326416,
    1.0792760848999023,
    1.0864917039871216,
    1.078446626663208,
    1.074039101600647,
    1.0793895721435547,
    1.1025590896606445,
    1.1009345054626465,
    1.1309356689453125,
    1.1314947605133057,
    1.1433842182159424,
    1.1490486860275269,
    1.1463576555252075,
    1.1759928464889526,
    1.1785502433776855,
    1.188516616821289,
    1.1903858184814453,
    1.1974703073501587,
    1.2050870656967163,
    1.207012414932251,
    1.2169678211212158,
    1.2168172597885132,
    1.2254024744033813,
    1.2371245622634888,
    1.2333706617355347
  ],
  "val_accuracy": [
    0.5446767807006836,
    0.6273764371871948,
    0.6549429893493652,
    0.6720532178878784,
    0.6787072420120239,
    0.696768045425415,
    0.7062737345695496,
    0.7043726444244385,
    0.7091254591941833,
    0.7072243094444275,
    0.7110266089439392,
    0.7148289084434509,
    0.7119771838188171,
    0.7186312079429626,
    0.7176806330680847,
    0.7186312079429626,
    0.7224334478378296,
    0.7252851724624634,
    0.7233840227127075,
    0.7157794833183289,
    0.730038046836853,
    0.7214828729629517,
    0.7224334478378296,
    0.7214828729629517,
    0.7224334478378296,
    0.7243345975875854,
    0.7252851724624634,
    0.7214828729629517,
    0.7243345975875854,
    0.7252851724624634,
    0.7224334478378296
  ]
}