{
  "loss": [
    2.6188623905181885,
    0.8830618262290955,
    0.3184070587158203,
    0.13432271778583527,
    0.07263481616973877,
    0.05372194945812225,
    0.04561532661318779,
    0.0269574336707592,
    0.016476044431328773,
    0.014271236956119537,
    0.009723722003400326,
    0.0090175224468112,
    0.006912585813552141
  ],
  "accuracy": [
    0.32751038670539856,
    0.764943540096283,
    0.9139631390571594,
    0.9641116857528687,
    0.9806298017501831,
    0.9857397675514221,
    0.9894236326217651,
    0.9934640526771545,
    0.9965537786483765,
    0.9971479773521423,
    0.9982174634933472,
    0.9982174634933472,
    0.9985739588737488
  ],
  "val_loss": [
    1.2997031211853027,
    1.0891016721725464,
    1.1711665391921997,
    1.350723147392273,
    1.4426547288894653,
    1.4902421236038208,
    1.5676425695419312,
    1.587966799736023,
    1.6113381385803223,
    1.6945561170578003,
    1.770082712173462,
    1.791072964668274,
    1.7852680683135986
  ],
  "val_accuracy": [
    0.6825094819068909,
    0.7214828729629517,
    0.730988621711731,
    0.7252851724624634,
    0.7224334478378296,
    0.7271863222122192,
    0.713878333568573,
    0.7252851724624634,
    0.7262357473373413,
    0.7290874719619751,
    0.7224334478378296,
    0.7243345975875854,
    0.730038046836853
  ]
}