{
  "model_name": "BiLSTM",
  "feature_type": "tfidf",
  "n_categories": 40,
  "top1_accuracy": 0.7110266159695817,
  "top3_accuracy": 0.8365019011406845,
  "top5_accuracy": 0.8925855513307985,
  "accuracy": 0.7110266159695817,
  "macro_precision": 0.7429756757176135,
  "macro_recall": 0.7185746753246753,
  "macro_f1": 0.7236391743732943,
  "micro_precision": 0.7110266159695817,
  "micro_recall": 0.7110266159695817,
  "micro_f1": 0.7110266159695817,
  "confusion_matrix_plot": "C:\\Users\\91956\\Desktop\\UPWORK-PROJECT\\MAS-Web-Service-Classification\\Phase-01\\web_services_classification\\results\\dl\\top_40_categories\\BiLSTM_tfidf_top_40_categories_confusion_matrix.png",
  "classification_report_path": "C:\\Users\\91956\\Desktop\\UPWORK-PROJECT\\MAS-Web-Service-Classification\\Phase-01\\web_services_classification\\results\\dl\\top_40_categories\\BiLSTM_tfidf_top_40_categories_classification_report.csv",
  "inference_time": 0.2501077651977539,
  "training_time": 247.7842333316803,
  "training_history": {
    "loss": [
      2.6188623905181885,
      0.8830618262290955,
      0.3184070587158203,
      0.13432271778583527,
      0.07263481616973877,
      0.05372194945812225,
      0.04561532661318779,
      0.0269574336707592,
      0.016476044431328773,
      0.014271236956119537,
      0.009723722003400326,
      0.0090175224468112,
      0.006912585813552141
    ],
    "accuracy": [
      0.32751038670539856,
      0.764943540096283,
      0.9139631390571594,
      0.9641116857528687,
      0.9806298017501831,
      0.9857397675514221,
      0.9894236326217651,
      0.9934640526771545,
      0.9965537786483765,
      0.9971479773521423,
      0.9982174634933472,
      0.9982174634933472,
      0.9985739588737488
    ],
    "val_loss": [
      1.2997031211853027,
      1.0891016721725464,
      1.1711665391921997,
      1.350723147392273,
      1.4426547288894653,
      1.4902421236038208,
      1.5676425695419312,
      1.587966799736023,
      1.6113381385803223,
      1.6945561170578003,
      1.770082712173462,
      1.791072964668274,
      1.7852680683135986
    ],
    "val_accuracy": [
      0.6825094819068909,
      0.7214828729629517,
      0.730988621711731,
      0.7252851724624634,
      0.7224334478378296,
      0.7271863222122192,
      0.713878333568573,
      0.7252851724624634,
      0.7262357473373413,
      0.7290874719619751,
      0.7224334478378296,
      0.7243345975875854,
      0.730038046836853
    ]
  },
  "training_history_plot": "C:\\Users\\91956\\Desktop\\UPWORK-PROJECT\\MAS-Web-Service-Classification\\Phase-01\\web_services_classification\\results\\dl\\top_40_categories\\BiLSTM_tfidf_top_40_categories_history.png",
  "training_history_json": "C:\\Users\\91956\\Desktop\\UPWORK-PROJECT\\MAS-Web-Service-Classification\\Phase-01\\web_services_classification\\results\\dl\\top_40_categories\\BiLSTM_tfidf_top_40_categories_history.json"
}