{
  "model_name": "BiLSTM",
  "feature_type": "sbert",
  "n_categories": 20,
  "top1_accuracy": 0.7348353552859619,
  "top3_accuracy": 0.9133448873483535,
  "top5_accuracy": 0.9688041594454073,
  "accuracy": 0.7348353552859619,
  "macro_precision": 0.7510506781601378,
  "macro_recall": 0.7362301587301587,
  "macro_f1": 0.7347672776146986,
  "micro_precision": 0.7348353552859619,
  "micro_recall": 0.7348353552859619,
  "micro_f1": 0.7348353552859618,
  "confusion_matrix_plot": "C:\\Users\\91956\\Desktop\\UPWORK-PROJECT\\MAS-Web-Service-Classification\\Phase-01\\web_services_classification\\results\\dl\\top_20_categories\\BiLSTM_sbert_top_20_categories_confusion_matrix.png",
  "classification_report_path": "C:\\Users\\91956\\Desktop\\UPWORK-PROJECT\\MAS-Web-Service-Classification\\Phase-01\\web_services_classification\\results\\dl\\top_20_categories\\BiLSTM_sbert_top_20_categories_classification_report.csv",
  "inference_time": 0.14085173606872559,
  "training_time": 9.318934679031372,
  "training_history": {
    "loss": [
      2.4476757049560547,
      1.386486291885376,
      1.1176446676254272,
      1.001189112663269,
      0.9053910970687866,
      0.8212610483169556,
      0.7752483487129211,
      0.7165658473968506,
      0.6628472208976746,
      0.6252860426902771,
      0.5441990494728088,
      0.5358050465583801,
      0.49437010288238525,
      0.47218620777130127,
      0.45477986335754395,
      0.43005138635635376
    ],
    "accuracy": [
      0.2860238254070282,
      0.577464759349823,
      0.6602383255958557,
      0.7001083493232727,
      0.7306609153747559,
      0.7612134218215942,
      0.7642470002174377,
      0.7945829033851624,
      0.8067172169685364,
      0.8091007471084595,
      0.8320693373680115,
      0.8379198312759399,
      0.8537378311157227,
      0.8561213612556458,
      0.8576381206512451,
      0.8676056265830994
    ],
    "val_loss": [
      1.3768361806869507,
      1.0427931547164917,
      0.923854649066925,
      0.8929265737533569,
      0.8725878000259399,
      0.8750263452529907,
      0.8779446482658386,
      0.8810339570045471,
      0.8845401406288147,
      0.9225059747695923,
      0.9144572615623474,
      0.9110680818557739,
      0.9424460530281067,
      0.9518415927886963,
      0.9617945551872253,
      0.9695995450019836
    ],
    "val_accuracy": [
      0.6620450615882874,
      0.7036395072937012,
      0.7244367599487305,
      0.7348353266716003,
      0.7365684509277344,
      0.7573657035827637,
      0.7365684509277344,
      0.7435008883476257,
      0.7538994550704956,
      0.746967077255249,
      0.745233952999115,
      0.7538994550704956,
      0.7417677640914917,
      0.7383015751838684,
      0.7504332661628723,
      0.7435008883476257
    ]
  },
  "training_history_plot": "C:\\Users\\91956\\Desktop\\UPWORK-PROJECT\\MAS-Web-Service-Classification\\Phase-01\\web_services_classification\\results\\dl\\top_20_categories\\BiLSTM_sbert_top_20_categories_history.png",
  "training_history_json": "C:\\Users\\91956\\Desktop\\UPWORK-PROJECT\\MAS-Web-Service-Classification\\Phase-01\\web_services_classification\\results\\dl\\top_20_categories\\BiLSTM_sbert_top_20_categories_history.json"
}