{
  "loss": [
    3.2384986877441406,
    2.121845245361328,
    1.7520326375961304,
    1.556179165840149,
    1.4148775339126587,
    1.3375532627105713,
    1.255854845046997,
    1.1757889986038208,
    1.1190894842147827,
    1.0694910287857056,
    1.0158650875091553,
    0.9624472260475159,
    0.9209595918655396,
    0.8864218592643738,
    0.8461639285087585,
    0.8038825392723083,
    0.7681631445884705,
    0.724911630153656,
    0.6602672934532166,
    0.6229353547096252,
    0.6015602350234985,
    0.5761696696281433,
    0.5564813017845154,
    0.5360705256462097,
    0.5402778387069702,
    0.5070307850837708,
    0.5067404508590698,
    0.4819873571395874,
    0.4804237484931946,
    0.4801962077617645,
    0.47615763545036316,
    0.46906623244285583,
    0.4560590386390686,
    0.4528481662273407,
    0.4420638680458069,
    0.4578571617603302,
    0.4420117437839508
  ],
  "accuracy": [
    0.1650524139404297,
    0.421268105506897,
    0.5178232789039612,
    0.5681477785110474,
    0.6077883243560791,
    0.6330504417419434,
    0.6541188359260559,
    0.6719920039176941,
    0.6818771958351135,
    0.6993509531021118,
    0.7137293815612793,
    0.7276085615158081,
    0.7414877414703369,
    0.7452820539474487,
    0.7552670836448669,
    0.7650524377822876,
    0.7808287739753723,
    0.7868197560310364,
    0.8088866472244263,
    0.8186720013618469,
    0.8219670653343201,
    0.8297553658485413,
    0.8294557929039001,
    0.839940071105957,
    0.8407388925552368,
    0.8494258522987366,
    0.8505241870880127,
    0.8573140501976013,
    0.8564153909683228,
    0.857114315032959,
    0.8587119579315186,
    0.863005518913269,
    0.863005518913269,
    0.8606091141700745,
    0.867199182510376,
    0.8643035292625427,
    0.8668996691703796
  ],
  "val_loss": [
    2.067272186279297,
    1.5210645198822021,
    1.3647571802139282,
    1.2575103044509888,
    1.2142471075057983,
    1.1612186431884766,
    1.1425607204437256,
    1.1289129257202148,
    1.1100842952728271,
    1.0949523448944092,
    1.080302119255066,
    1.0778008699417114,
    1.0714573860168457,
    1.0789493322372437,
    1.079007625579834,
    1.0956732034683228,
    1.0817800760269165,
    1.1101104021072388,
    1.0854971408843994,
    1.1066793203353882,
    1.1201629638671875,
    1.1342006921768188,
    1.136609435081482,
    1.129054307937622,
    1.124693512916565,
    1.1344660520553589,
    1.1412773132324219,
    1.1548035144805908,
    1.1453514099121094,
    1.146643042564392,
    1.1475567817687988,
    1.1505929231643677,
    1.1603679656982422,
    1.1594421863555908,
    1.1606218814849854,
    1.1628795862197876,
    1.1659750938415527
  ],
  "val_accuracy": [
    0.5095846652984619,
    0.6190096139907837,
    0.6509584784507751,
    0.670127809047699,
    0.6741213798522949,
    0.6821086406707764,
    0.6956868767738342,
    0.7004792094230652,
    0.7092651724815369,
    0.7140575051307678,
    0.7068690061569214,
    0.7156549692153931,
    0.7228434681892395,
    0.7188498377799988,
    0.7180511355400085,
    0.7212460041046143,
    0.7220447063446045,
    0.7228434681892395,
    0.7268370389938354,
    0.7284345030784607,
    0.7268370389938354,
    0.7260383367538452,
    0.725239634513855,
    0.7308306694030762,
    0.7300319671630859,
    0.7348242998123169,
    0.7356230020523071,
    0.7308306694030762,
    0.7348242998123169,
    0.7276358008384705,
    0.7300319671630859,
    0.7308306694030762,
    0.7340255379676819,
    0.7300319671630859,
    0.7348242998123169,
    0.7340255379676819,
    0.7316293716430664
  ]
}