{
  "loss": [
    2.8065547943115234,
    0.9585253000259399,
    0.3976047933101654,
    0.1899886429309845,
    0.10808473825454712,
    0.07802087813615799,
    0.05390720069408417,
    0.035856544971466064,
    0.021784691140055656,
    0.016066554933786392,
    0.01568981446325779,
    0.01729675754904747,
    0.01146074291318655,
    0.009114115498960018,
    0.0073660267516970634,
    0.006297098472714424,
    0.007242544088512659,
    0.004652551840990782
  ],
  "accuracy": [
    0.30733898282051086,
    0.7475786209106445,
    0.896255612373352,
    0.9487768411636353,
    0.9734398126602173,
    0.9802296757698059,
    0.9873189926147461,
    0.9924113750457764,
    0.995506763458252,
    0.9961058497428894,
    0.9967049360275269,
    0.9953070282936096,
    0.9976035952568054,
    0.9981028437614441,
    0.9986020922660828,
    0.9991013407707214,
    0.9986020922660828,
    0.9993010759353638
  ],
  "val_loss": [
    1.3321974277496338,
    1.0762567520141602,
    1.1243804693222046,
    1.2305054664611816,
    1.372243881225586,
    1.4640809297561646,
    1.500927209854126,
    1.5193462371826172,
    1.5718930959701538,
    1.6132701635360718,
    1.6281085014343262,
    1.6689269542694092,
    1.671664834022522,
    1.6833059787750244,
    1.733049988746643,
    1.754223108291626,
    1.7763745784759521,
    1.7889039516448975
  ],
  "val_accuracy": [
    0.6789137125015259,
    0.725239634513855,
    0.7340255379676819,
    0.7300319671630859,
    0.7316293716430664,
    0.7292332053184509,
    0.7268370389938354,
    0.7412140369415283,
    0.7348242998123169,
    0.7364217042922974,
    0.7308306694030762,
    0.7276358008384705,
    0.7292332053184509,
    0.7348242998123169,
    0.7372204661369324,
    0.7348242998123169,
    0.7316293716430664,
    0.7332268357276917
  ]
}