{
  "loss": [
    2.3446991443634033,
    0.7613728642463684,
    0.21387700736522675,
    0.07852084189653397,
    0.04101111367344856,
    0.02722914144396782,
    0.01698169857263565,
    0.012986788526177406,
    0.00777412997558713,
    0.007849316112697124,
    0.004997637588530779,
    0.005464951042085886,
    0.002924693515524268,
    0.0024390046019107103,
    0.003506810637190938,
    0.0028112472500652075,
    0.0025363918393850327,
    0.0019790001679211855,
    0.0022364084143191576,
    0.0023406227119266987,
    0.0023668711073696613,
    0.0022069746628403664,
    0.001890476793050766,
    0.0017394924070686102,
    0.0019617548678070307,
    0.002155917463824153,
    0.0013748568017035723,
    0.0012893256498500705
  ],
  "accuracy": [
    0.32264354825019836,
    0.7787649035453796,
    0.9456121325492859,
    0.983098566532135,
    0.9902492165565491,
    0.9928494095802307,
    0.996749758720398,
    0.9982665181159973,
    0.9986999034881592,
    0.9984831809997559,
    0.9997833371162415,
    0.9989165663719177,
    1.0,
    0.9997833371162415,
    0.9993499517440796,
    0.9997833371162415,
    0.9995666146278381,
    1.0,
    0.9995666146278381,
    0.9997833371162415,
    0.9997833371162415,
    0.9997833371162415,
    1.0,
    0.9997833371162415,
    0.9997833371162415,
    0.9997833371162415,
    1.0,
    1.0
  ],
  "val_loss": [
    1.2646464109420776,
    0.9715768694877625,
    1.0734580755233765,
    1.2341135740280151,
    1.248702883720398,
    1.3494545221328735,
    1.4284697771072388,
    1.4450401067733765,
    1.4047988653182983,
    1.4410542249679565,
    1.4728564023971558,
    1.481734037399292,
    1.4933865070343018,
    1.5228819847106934,
    1.5313528776168823,
    1.543873906135559,
    1.560045838356018,
    1.5623548030853271,
    1.5701320171356201,
    1.5660322904586792,
    1.5727355480194092,
    1.584513545036316,
    1.5836762189865112,
    1.5785824060440063,
    1.58754301071167,
    1.5963596105575562,
    1.6057753562927246,
    1.606099009513855
  ],
  "val_accuracy": [
    0.6741767525672913,
    0.7192374467849731,
    0.731369137763977,
    0.7209705114364624,
    0.731369137763977,
    0.731369137763977,
    0.7348353266716003,
    0.7296360731124878,
    0.731369137763977,
    0.745233952999115,
    0.7435008883476257,
    0.7435008883476257,
    0.7400346398353577,
    0.731369137763977,
    0.7435008883476257,
    0.7383015751838684,
    0.7435008883476257,
    0.746967077255249,
    0.746967077255249,
    0.7348353266716003,
    0.7383015751838684,
    0.7365684509277344,
    0.7383015751838684,
    0.7417677640914917,
    0.7348353266716003,
    0.7365684509277344,
    0.7348353266716003,
    0.7417677640914917
  ]
}