{
  "loss": [
    2.5792603492736816,
    0.847865879535675,
    0.2871182858943939,
    0.11595863848924637,
    0.057036858052015305,
    0.03558403253555298,
    0.027444269508123398,
    0.01705569587647915,
    0.01096455566585064,
    0.009546764194965363,
    0.007599668577313423,
    0.00821308046579361,
    0.006652519106864929,
    0.005280791781842709,
    0.0051019382663071156,
    0.00492854556068778,
    0.0034967162646353245,
    0.0028597298078238964,
    0.0030594030395150185,
    0.0022324095480144024
  ],
  "accuracy": [
    0.3097505569458008,
    0.7690098285675049,
    0.9239606857299805,
    0.9708238840103149,
    0.9844292998313904,
    0.9928949475288391,
    0.9944066405296326,
    0.9969765543937683,
    0.9978836178779602,
    0.997732400894165,
    0.9992441534996033,
    0.9987906217575073,
    0.9986394643783569,
    0.9992441534996033,
    0.999546468257904,
    0.9989417791366577,
    0.9996976852416992,
    1.0,
    0.9996976852416992,
    0.9998488426208496
  ],
  "val_loss": [
    1.2720253467559814,
    1.0271018743515015,
    1.1132514476776123,
    1.233039140701294,
    1.399917721748352,
    1.4177172183990479,
    1.551935076713562,
    1.5288983583450317,
    1.5448188781738281,
    1.5844590663909912,
    1.5973525047302246,
    1.6280685663223267,
    1.6283751726150513,
    1.6860706806182861,
    1.6758646965026855,
    1.6970182657241821,
    1.7288968563079834,
    1.716665267944336,
    1.7125194072723389,
    1.7328567504882812
  ],
  "val_accuracy": [
    0.6892381906509399,
    0.7134220004081726,
    0.7303506731987,
    0.7182587385177612,
    0.7194679379463196,
    0.7218863368034363,
    0.7218863368034363,
    0.7303506731987,
    0.7376058101654053,
    0.740024209022522,
    0.7339782118797302,
    0.7363966107368469,
    0.7327690720558167,
    0.7218863368034363,
    0.7267230749130249,
    0.7291414737701416,
    0.7291414737701416,
    0.7351874113082886,
    0.7291414737701416,
    0.7363966107368469
  ]
}