{
  "loss": [
    2.878560781478882,
    1.7518774271011353,
    1.4658253192901611,
    1.2841358184814453,
    1.2019050121307373,
    1.0986953973770142,
    1.0389515161514282,
    0.9753776788711548,
    0.915364682674408,
    0.8763313293457031,
    0.8013218641281128,
    0.7696322798728943,
    0.7452108860015869,
    0.692554771900177,
    0.6507046222686768,
    0.6099004745483398,
    0.5829693078994751,
    0.5380041599273682,
    0.4865748882293701,
    0.45048215985298157,
    0.4465056359767914,
    0.40721845626831055,
    0.39987218379974365,
    0.36298754811286926,
    0.3574902415275574,
    0.3325004577636719,
    0.3370495140552521,
    0.33210551738739014,
    0.3144356906414032
  ],
  "accuracy": [
    0.2143612951040268,
    0.4958427846431732,
    0.5904762148857117,
    0.6347694396972656,
    0.6643990874290466,
    0.6840513944625854,
    0.7029478549957275,
    0.7226001620292664,
    0.732275128364563,
    0.7507180571556091,
    0.7638700008392334,
    0.775812566280365,
    0.7823129296302795,
    0.7936508059501648,
    0.8057445287704468,
    0.8178382515907288,
    0.8260015249252319,
    0.8364323377609253,
    0.8536658883094788,
    0.8656084537506104,
    0.8659108281135559,
    0.8778533339500427,
    0.880725622177124,
    0.8882842063903809,
    0.8935751914978027,
    0.9064248204231262,
    0.896447479724884,
    0.9002267718315125,
    0.9018896222114563
  ],
  "val_loss": [
    1.757675051689148,
    1.2639546394348145,
    1.1429176330566406,
    1.0746442079544067,
    1.0722098350524902,
    1.0564603805541992,
    1.037646770477295,
    1.0226269960403442,
    1.0303980112075806,
    1.010026454925537,
    1.0151183605194092,
    1.022296667098999,
    0.9969629049301147,
    1.0146898031234741,
    1.038393259048462,
    1.0365352630615234,
    1.047120451927185,
    1.0578486919403076,
    1.068824291229248,
    1.0718884468078613,
    1.0760669708251953,
    1.1046416759490967,
    1.1082053184509277,
    1.1319466829299927,
    1.1273161172866821,
    1.1355010271072388,
    1.1483910083770752,
    1.155342936515808,
    1.1538342237472534
  ],
  "val_accuracy": [
    0.5659008622169495,
    0.6529625058174133,
    0.6844014525413513,
    0.7013301253318787,
    0.6964933276176453,
    0.702539324760437,
    0.7049576640129089,
    0.7170495986938477,
    0.7158403992652893,
    0.7122128009796143,
    0.7218863368034363,
    0.7279322743415833,
    0.7303506731987,
    0.7412333488464355,
    0.7206771373748779,
    0.7376058101654053,
    0.7327690720558167,
    0.7363966107368469,
    0.746070146560669,
    0.7388150095939636,
    0.746070146560669,
    0.7448609471321106,
    0.7424425482749939,
    0.7412333488464355,
    0.7388150095939636,
    0.740024209022522,
    0.7363966107368469,
    0.7424425482749939,
    0.7436517477035522
  ]
}