{
  "loss": [
    1.9482572078704834,
    1.0484145879745483,
    0.7703397274017334,
    0.6314934492111206,
    0.576948881149292,
    0.507560670375824,
    0.4463157057762146,
    0.40708839893341064,
    0.34824132919311523,
    0.30991315841674805,
    0.28419843316078186,
    0.26916569471359253,
    0.23431776463985443,
    0.21608790755271912,
    0.20837923884391785,
    0.1824077069759369,
    0.19536149501800537,
    0.18162432312965393,
    0.17076948285102844,
    0.14534538984298706,
    0.14784160256385803,
    0.13969428837299347,
    0.15294446051120758,
    0.1428205519914627
  ],
  "accuracy": [
    0.3466833531856537,
    0.6549854278564453,
    0.7492699027061462,
    0.7955778241157532,
    0.8206090927124023,
    0.8418856859207153,
    0.8610763549804688,
    0.8798497915267944,
    0.8952857851982117,
    0.9073842167854309,
    0.9094702005386353,
    0.9211514592170715,
    0.937004566192627,
    0.936587393283844,
    0.9428452253341675,
    0.9507718086242676,
    0.9432623982429504,
    0.9478514790534973,
    0.9520233869552612,
    0.9616186618804932,
    0.957863986492157,
    0.9641218185424805,
    0.9607843160629272,
    0.9566124081611633
  ],
  "val_loss": [
    1.1589550971984863,
    0.7224496603012085,
    0.6225825548171997,
    0.5811930894851685,
    0.5584923624992371,
    0.5596319437026978,
    0.5659216046333313,
    0.6093722581863403,
    0.631522536277771,
    0.6145267486572266,
    0.6184457540512085,
    0.6469542980194092,
    0.6505312323570251,
    0.6523363590240479,
    0.6602271795272827,
    0.6585074663162231,
    0.6581408381462097,
    0.6748427152633667,
    0.6799272298812866,
    0.6933725476264954,
    0.6954317092895508,
    0.6970090270042419,
    0.6965761184692383,
    0.711553692817688
  ],
  "val_accuracy": [
    0.6366666555404663,
    0.7666666507720947,
    0.8033333420753479,
    0.8166666626930237,
    0.8100000023841858,
    0.8199999928474426,
    0.8233333230018616,
    0.8233333230018616,
    0.8233333230018616,
    0.8100000023841858,
    0.8199999928474426,
    0.8066666722297668,
    0.8066666722297668,
    0.8266666531562805,
    0.8199999928474426,
    0.8266666531562805,
    0.8266666531562805,
    0.8166666626930237,
    0.8100000023841858,
    0.8233333230018616,
    0.8266666531562805,
    0.8233333230018616,
    0.8266666531562805,
    0.8133333325386047
  ]
}