{
  "loss": [
    3.2141079902648926,
    2.049293279647827,
    1.7091420888900757,
    1.5121564865112305,
    1.395377278327942,
    1.3170846700668335,
    1.213640809059143,
    1.1606342792510986,
    1.101418375968933,
    1.0512304306030273,
    0.9857172966003418,
    0.9436392188072205,
    0.9086141586303711,
    0.860682487487793,
    0.8394190669059753,
    0.7745314836502075,
    0.7548684477806091,
    0.7129465341567993,
    0.6299751400947571,
    0.6252062916755676,
    0.6081207990646362,
    0.5871289968490601,
    0.5618731379508972,
    0.5315091013908386,
    0.5225076675415039,
    0.5033500790596008,
    0.5024469494819641,
    0.48584091663360596,
    0.4670962691307068,
    0.4713229835033417,
    0.47479867935180664,
    0.44188418984413147,
    0.44974857568740845,
    0.448011189699173,
    0.4416344165802002,
    0.4424211382865906,
    0.427212119102478,
    0.43350881338119507,
    0.42966634035110474,
    0.43574780225753784,
    0.433774471282959,
    0.43323466181755066
  ],
  "accuracy": [
    0.17373938858509064,
    0.43834248185157776,
    0.5279081463813782,
    0.578731894493103,
    0.6170743703842163,
    0.6311532855033875,
    0.6637044548988342,
    0.6749874949455261,
    0.6928607225418091,
    0.7098352313041687,
    0.7233150005340576,
    0.7299051284790039,
    0.7394907474517822,
    0.7508736848831177,
    0.7594608068466187,
    0.7734398245811462,
    0.7752371430397034,
    0.7904143929481506,
    0.810084879398346,
    0.8154767751693726,
    0.8166750073432922,
    0.8279580473899841,
    0.8336495161056519,
    0.8408387303352356,
    0.8416375517845154,
    0.8512231707572937,
    0.8510234355926514,
    0.8584123849868774,
    0.8599101305007935,
    0.8577134013175964,
    0.8596105575561523,
    0.8647029399871826,
    0.8637044429779053,
    0.8668996691703796,
    0.8672990798950195,
    0.8681976795196533,
    0.8729904890060425,
    0.8694957494735718,
    0.8739890456199646,
    0.8652021884918213,
    0.8705940842628479,
    0.868696928024292
  ],
  "val_loss": [
    1.954447865486145,
    1.4862900972366333,
    1.303037166595459,
    1.2235243320465088,
    1.2043391466140747,
    1.1395469903945923,
    1.121117115020752,
    1.106014609336853,
    1.084395408630371,
    1.0791157484054565,
    1.0696302652359009,
    1.0634305477142334,
    1.0624051094055176,
    1.0929416418075562,
    1.0865240097045898,
    1.0764691829681396,
    1.0895779132843018,
    1.0631203651428223,
    1.0845857858657837,
    1.0739786624908447,
    1.0749984979629517,
    1.0997416973114014,
    1.1116876602172852,
    1.1170929670333862,
    1.1122689247131348,
    1.1123713254928589,
    1.116944432258606,
    1.132509708404541,
    1.1288706064224243,
    1.127855896949768,
    1.1340633630752563,
    1.137597680091858,
    1.1394983530044556,
    1.1338608264923096,
    1.1371221542358398,
    1.137929081916809,
    1.1425892114639282,
    1.1443918943405151,
    1.1468706130981445,
    1.146632194519043,
    1.1450611352920532,
    1.1449486017227173
  ],
  "val_accuracy": [
    0.5367411971092224,
    0.6238019466400146,
    0.6629393100738525,
    0.6669328808784485,
    0.6789137125015259,
    0.6940894722938538,
    0.6940894722938538,
    0.7028753757476807,
    0.7140575051307678,
    0.7108626365661621,
    0.7212460041046143,
    0.725239634513855,
    0.7228434681892395,
    0.7268370389938354,
    0.725239634513855,
    0.7220447063446045,
    0.7276358008384705,
    0.7356230020523071,
    0.7364217042922974,
    0.7316293716430664,
    0.7396166324615479,
    0.7348242998123169,
    0.7348242998123169,
    0.7340255379676819,
    0.7404153347015381,
    0.7348242998123169,
    0.7332268357276917,
    0.7292332053184509,
    0.7380191683769226,
    0.7380191683769226,
    0.7356230020523071,
    0.7420127987861633,
    0.7364217042922974,
    0.7404153347015381,
    0.7412140369415283,
    0.7404153347015381,
    0.7388178706169128,
    0.7412140369415283,
    0.7364217042922974,
    0.7388178706169128,
    0.7356230020523071,
    0.7380191683769226
  ]
}