{
  "loss": [
    2.7505030632019043,
    0.9199499487876892,
    0.38104569911956787,
    0.16596709191799164,
    0.08994919806718826,
    0.06436388194561005,
    0.047866009175777435,
    0.031863629817962646,
    0.0181401539593935,
    0.015906868502497673,
    0.012810902670025826,
    0.01321415975689888,
    0.008568189106881618,
    0.008392419666051865
  ],
  "accuracy": [
    0.3169246017932892,
    0.7599600553512573,
    0.8997503519058228,
    0.9565651416778564,
    0.9764353632926941,
    0.9832251667976379,
    0.988417387008667,
    0.9920119643211365,
    0.9958062767982483,
    0.9965052604675293,
    0.997004508972168,
    0.9971043467521667,
    0.9981028437614441,
    0.9981028437614441
  ],
  "val_loss": [
    1.2821910381317139,
    1.0112648010253906,
    1.1048897504806519,
    1.1890674829483032,
    1.3091622591018677,
    1.4292024374008179,
    1.487688660621643,
    1.5228338241577148,
    1.5624862909317017,
    1.6166181564331055,
    1.6153737306594849,
    1.6538901329040527,
    1.6531939506530762,
    1.687901258468628
  ],
  "val_accuracy": [
    0.6940894722938538,
    0.7412140369415283,
    0.7340255379676819,
    0.7476038336753845,
    0.7380191683769226,
    0.7388178706169128,
    0.7332268357276917,
    0.7292332053184509,
    0.7396166324615479,
    0.7308306694030762,
    0.7396166324615479,
    0.7356230020523071,
    0.7412140369415283,
    0.745207667350769
  ]
}